Date,Open,High,Low,Close
11/25/2020,3.564%,3.564%,3.468%,3.468%
11/26/2020,3.468%,3.557%,3.462%,3.462%
11/27/2020,3.462%,3.475%,3.462%,3.475%
11/30/2020,3.475%,3.475%,3.475%,3.475%
12/01/2020,3.475%,3.482%,3.460%,3.482%
12/02/2020,3.482%,3.520%,3.482%,3.520%
12/03/2020,3.520%,3.559%,3.520%,3.559%
12/04/2020,3.559%,3.559%,3.544%,3.544%
12/07/2020,3.544%,3.552%,3.544%,3.552%
12/08/2020,3.552%,3.751%,3.552%,3.751%
12/09/2020,3.751%,3.751%,3.576%,3.576%
12/10/2020,3.576%,3.591%,3.550%,3.550%
12/11/2020,3.550%,3.600%,3.550%,3.600%
12/14/2020,3.600%,3.664%,3.600%,3.664%
12/15/2020,3.664%,3.664%,3.569%,3.569%
12/16/2020,3.569%,3.575%,3.520%,3.520%
12/17/2020,3.520%,3.571%,3.520%,3.571%
12/18/2020,3.571%,3.571%,3.546%,3.546%
12/21/2020,3.546%,3.668%,3.546%,3.668%
12/22/2020,3.668%,3.668%,3.596%,3.596%
12/23/2020,3.596%,3.637%,3.596%,3.637%
12/24/2020,3.637%,3.637%,3.559%,3.559%
12/25/2020,3.559%,3.559%,3.559%,3.559%
12/28/2020,3.559%,3.630%,3.559%,3.630%
12/29/2020,3.630%,3.688%,3.630%,3.688%
12/30/2020,3.688%,3.714%,3.688%,3.714%
12/31/2020,3.714%,3.714%,3.640%,3.640%
01/01/2021,3.640%,3.640%,3.629%,3.629%
01/04/2021,3.629%,3.629%,3.627%,3.627%
01/05/2021,3.627%,3.627%,3.598%,3.598%
01/06/2021,3.598%,3.632%,3.598%,3.632%
01/07/2021,3.632%,3.649%,3.622%,3.622%
01/08/2021,3.622%,3.653%,3.616%,3.653%
01/11/2021,3.653%,4.034%,3.653%,3.696%
01/12/2021,3.696%,3.731%,3.696%,3.731%
01/13/2021,3.731%,3.830%,3.731%,3.830%
01/14/2021,3.830%,3.866%,3.830%,3.847%
01/15/2021,3.847%,3.881%,3.847%,3.881%
01/18/2021,3.881%,3.943%,3.881%,3.943%
01/19/2021,3.943%,4.046%,3.943%,4.046%
01/20/2021,4.046%,4.046%,3.896%,3.896%
01/21/2021,3.896%,4.026%,3.885%,3.932%
01/22/2021,3.932%,4.280%,3.932%,4.280%
01/25/2021,4.280%,4.404%,3.880%,3.880%
01/27/2021,3.880%,3.964%,3.821%,3.821%
01/28/2021,3.821%,3.954%,3.821%,3.954%
01/29/2021,3.954%,4.029%,3.954%,4.029%
02/01/2021,4.029%,4.066%,3.903%,3.941%
02/02/2021,3.941%,3.959%,3.940%,3.940%
02/03/2021,3.959%,3.959%,3.900%,3.900%
02/04/2021,3.900%,4.035%,3.900%,3.953%
02/05/2021,3.953%,3.953%,3.876%,3.876%
02/08/2021,3.906%,4.091%,3.865%,4.091%
02/09/2021,4.091%,4.091%,3.982%,3.982%
02/10/2021,3.982%,4.318%,3.942%,4.070%
02/11/2021,4.070%,4.070%,3.911%,3.911%
02/12/2021,3.911%,3.977%,3.911%,3.977%
02/15/2021,3.977%,4.016%,3.977%,4.016%
02/16/2021,4.016%,4.016%,3.995%,3.995%
02/17/2021,3.995%,4.044%,3.903%,3.903%
02/18/2021,3.903%,3.998%,3.856%,3.998%
02/22/2021,3.896%,3.956%,3.896%,3.930%
02/23/2021,3.930%,3.930%,3.913%,3.913%
02/24/2021,3.913%,3.932%,3.913%,3.922%
02/25/2021,3.922%,4.101%,3.921%,3.949%
02/26/2021,3.949%,3.996%,3.949%,3.952%
03/01/2021,3.975%,3.984%,3.953%,3.974%
03/02/2021,3.974%,3.993%,3.972%,3.972%
03/03/2021,3.972%,4.000%,3.952%,3.952%
03/04/2021,3.952%,4.054%,3.938%,3.967%
03/05/2021,3.967%,4.008%,3.952%,3.952%
03/08/2021,3.952%,4.049%,3.952%,3.996%
03/09/2021,3.996%,4.048%,3.991%,4.048%
03/10/2021,4.048%,4.048%,4.013%,4.013%
03/12/2021,4.009%,4.009%,4.003%,4.003%
03/15/2021,3.976%,4.029%,3.976%,3.996%
03/16/2021,3.996%,3.996%,3.962%,3.962%
03/17/2021,3.962%,4.115%,3.962%,3.972%
03/18/2021,3.972%,3.992%,3.943%,3.965%
03/19/2021,3.965%,4.233%,3.921%,4.233%
03/22/2021,4.233%,4.233%,3.881%,3.881%
03/23/2021,3.881%,3.985%,3.881%,3.884%
03/24/2021,3.884%,3.916%,3.871%,3.871%
03/25/2021,3.871%,3.881%,3.864%,3.864%
03/26/2021,3.864%,3.910%,3.851%,3.851%
03/28/2021,3.851%,3.851%,3.851%,3.851%
03/30/2021,3.851%,3.908%,3.851%,3.896%
03/31/2021,3.896%,3.896%,3.783%,3.783%
04/01/2021,3.783%,3.783%,3.783%,3.783%
04/05/2021,3.783%,4.001%,3.746%,3.885%
04/06/2021,3.885%,4.047%,3.721%,4.047%
04/07/2021,4.047%,4.047%,3.858%,4.034%
04/08/2021,4.034%,4.034%,3.886%,3.886%
04/09/2021,3.886%,3.981%,3.886%,3.922%
04/12/2021,3.815%,4.000%,3.815%,4.000%
04/13/2021,4.000%,4.000%,4.000%,4.000%
04/14/2021,4.000%,4.000%,4.000%,4.000%
04/15/2021,4.000%,4.140%,4.000%,4.140%
04/16/2021,4.140%,4.140%,3.897%,4.067%
04/19/2021,4.067%,4.067%,3.798%,3.798%
04/20/2021,3.798%,4.001%,3.798%,4.001%
04/22/2021,4.001%,4.001%,3.877%,3.877%
04/23/2021,3.877%,4.157%,3.785%,3.908%
04/26/2021,3.908%,3.908%,3.742%,3.742%
04/27/2021,3.742%,4.005%,3.742%,4.005%
04/28/2021,4.005%,4.005%,3.721%,3.721%
04/29/2021,3.721%,3.948%,3.721%,3.948%
04/30/2021,3.948%,3.948%,3.870%,3.870%
05/03/2021,3.870%,3.870%,3.626%,3.728%
05/04/2021,3.728%,3.875%,3.728%,3.748%
05/05/2021,3.748%,3.748%,3.713%,3.713%
05/06/2021,3.713%,3.713%,3.704%,3.707%
05/07/2021,3.707%,3.738%,3.707%,3.738%
05/10/2021,3.738%,3.849%,3.738%,3.742%
05/11/2021,3.742%,3.750%,3.742%,3.750%
05/12/2021,3.750%,3.752%,3.750%,3.752%
05/14/2021,3.752%,3.887%,3.752%,3.877%
05/17/2021,3.885%,3.925%,3.885%,3.925%
05/18/2021,3.925%,3.925%,3.883%,3.883%
05/19/2021,3.883%,3.883%,3.881%,3.881%
05/20/2021,3.881%,3.899%,3.874%,3.874%
05/21/2021,3.874%,3.891%,3.873%,3.888%
05/24/2021,3.888%,3.970%,3.886%,3.886%
05/25/2021,3.886%,4.021%,3.877%,3.877%
05/27/2021,3.877%,3.885%,3.877%,3.885%
05/28/2021,3.885%,3.891%,3.885%,3.891%
05/31/2021,3.891%,3.941%,3.878%,3.878%
06/01/2021,3.878%,3.929%,3.878%,3.887%
06/02/2021,3.887%,3.948%,3.887%,3.890%
06/03/2021,3.890%,3.921%,3.890%,3.914%
06/04/2021,3.882%,3.887%,3.882%,3.887%
06/07/2021,3.887%,3.887%,3.885%,3.885%
06/08/2021,3.885%,3.885%,3.866%,3.866%
06/09/2021,3.866%,3.866%,3.864%,3.864%
06/10/2021,3.864%,3.864%,3.857%,3.857%
06/11/2021,3.857%,3.861%,3.817%,3.861%
06/14/2021,3.861%,3.861%,3.858%,3.858%
06/15/2021,3.858%,4.064%,3.858%,3.998%
06/16/2021,3.998%,3.998%,3.909%,3.909%
06/17/2021,3.909%,4.027%,3.909%,4.027%
06/18/2021,3.972%,3.989%,3.900%,3.989%
06/21/2021,3.989%,4.061%,3.989%,4.061%
06/22/2021,4.061%,4.086%,4.018%,4.018%
06/23/2021,4.018%,4.262%,4.005%,4.005%
06/24/2021,4.005%,4.079%,4.005%,4.026%
06/25/2021,4.026%,4.237%,4.026%,4.043%
06/28/2021,4.043%,4.084%,4.043%,4.084%
06/29/2021,4.084%,4.084%,3.869%,3.869%
06/30/2021,3.869%,4.084%,3.869%,4.038%
07/01/2021,4.038%,4.137%,4.038%,4.137%
07/02/2021,4.137%,4.137%,4.108%,4.108%
07/05/2021,4.108%,4.108%,4.052%,4.061%
07/06/2021,4.061%,4.098%,4.061%,4.098%
07/07/2021,4.098%,4.201%,4.098%,4.108%
07/08/2021,4.108%,4.108%,4.093%,4.093%
07/09/2021,4.098%,4.098%,4.069%,4.069%
07/12/2021,4.069%,4.087%,4.049%,4.087%
07/13/2021,4.087%,4.087%,4.061%,4.061%
07/14/2021,4.061%,4.061%,4.020%,4.020%
07/15/2021,4.020%,4.020%,3.962%,3.962%
07/16/2021,3.962%,4.047%,3.948%,3.950%
07/19/2021,4.095%,4.095%,3.954%,3.954%
07/20/2021,3.954%,3.967%,3.950%,3.950%
07/22/2021,3.950%,3.996%,3.950%,3.996%
07/23/2021,3.996%,3.996%,3.950%,3.950%
07/26/2021,3.950%,4.042%,3.950%,4.042%
07/27/2021,4.042%,4.082%,4.042%,4.082%
07/28/2021,4.082%,4.082%,3.982%,3.982%
07/29/2021,3.982%,3.992%,3.982%,3.982%
07/30/2021,3.982%,4.011%,3.982%,4.011%
08/02/2021,4.011%,4.011%,3.910%,3.910%
08/03/2021,3.910%,3.939%,3.908%,3.908%
08/04/2021,3.908%,3.908%,3.877%,3.877%
08/05/2021,3.877%,3.893%,3.865%,3.865%
08/06/2021,3.865%,3.953%,3.865%,3.953%
08/09/2021,3.953%,4.001%,3.953%,4.001%
08/10/2021,4.001%,4.041%,4.001%,4.041%
08/11/2021,4.041%,4.041%,3.978%,3.978%
08/12/2021,3.978%,4.019%,3.978%,4.019%
08/13/2021,4.019%,4.019%,3.891%,3.891%
08/16/2021,3.891%,3.891%,3.891%,3.891%
08/17/2021,3.908%,3.908%,3.908%,3.908%
08/18/2021,3.908%,3.908%,3.823%,3.823%
08/20/2021,3.823%,3.873%,3.823%,3.873%
08/23/2021,3.873%,3.873%,3.829%,3.829%
08/24/2021,3.829%,3.931%,3.829%,3.931%
08/25/2021,3.931%,3.931%,3.836%,3.836%
08/26/2021,3.836%,3.853%,3.836%,3.853%
08/27/2021,3.853%,3.895%,3.853%,3.895%
08/30/2021,3.895%,3.925%,3.895%,3.925%
08/31/2021,3.925%,3.925%,3.858%,3.858%
09/01/2021,3.858%,3.901%,3.858%,3.901%
09/02/2021,3.901%,3.901%,3.793%,3.793%
09/03/2021,3.793%,3.876%,3.793%,3.876%
09/06/2021,3.876%,3.876%,3.698%,3.698%
09/07/2021,3.698%,3.714%,3.698%,3.714%
09/08/2021,3.714%,3.714%,3.690%,3.690%
09/09/2021,3.690%,3.710%,3.690%,3.710%
09/13/2021,3.710%,3.748%,3.710%,3.748%
09/14/2021,3.748%,3.791%,3.748%,3.791%
09/15/2021,3.791%,3.835%,3.791%,3.835%
09/16/2021,3.835%,3.845%,3.835%,3.845%
09/17/2021,3.845%,3.845%,3.694%,3.694%
09/20/2021,3.694%,3.761%,3.694%,3.761%
09/21/2021,3.761%,3.814%,3.761%,3.814%
09/22/2021,3.814%,3.859%,3.814%,3.859%
09/23/2021,3.859%,3.859%,3.787%,3.787%
09/24/2021,3.787%,3.787%,3.773%,3.773%
09/27/2021,3.773%,3.783%,3.773%,3.783%
09/28/2021,3.783%,3.783%,3.782%,3.782%
09/29/2021,3.782%,4.029%,3.782%,4.029%
09/30/2021,4.029%,4.029%,3.870%,3.870%
10/01/2021,3.870%,3.953%,3.870%,3.941%
10/04/2021,3.941%,3.998%,3.941%,3.998%
10/05/2021,3.998%,3.998%,3.984%,3.984%
10/06/2021,3.984%,3.984%,3.946%,3.946%
10/07/2021,3.946%,4.019%,3.946%,4.019%
10/08/2021,4.019%,4.019%,3.944%,3.944%
10/11/2021,3.944%,3.965%,3.944%,3.965%
10/12/2021,3.965%,4.076%,3.965%,4.076%
10/13/2021,4.076%,4.076%,4.000%,4.000%
10/14/2021,4.000%,4.000%,3.986%,3.986%
10/15/2021,3.986%,3.986%,3.734%,3.734%
10/18/2021,3.734%,3.994%,3.734%,3.994%
10/20/2021,3.994%,4.094%,3.994%,4.094%
10/21/2021,4.094%,4.094%,4.081%,4.081%
10/22/2021,4.081%,4.132%,4.081%,4.132%
10/25/2021,4.132%,4.156%,4.132%,4.156%
10/26/2021,4.156%,4.208%,4.156%,4.208%
10/27/2021,4.208%,4.208%,4.194%,4.194%
10/28/2021,4.194%,4.248%,4.194%,4.248%
10/29/2021,4.248%,4.465%,4.248%,4.465%
11/01/2021,4.465%,4.469%,4.212%,4.212%
11/02/2021,4.212%,4.213%,4.142%,4.142%
11/03/2021,4.142%,4.166%,4.109%,4.160%
11/04/2021,4.160%,4.160%,4.160%,4.160%
11/08/2021,4.160%,4.160%,4.042%,4.099%
11/09/2021,4.099%,4.110%,4.099%,4.110%
11/10/2021,4.110%,4.167%,4.105%,4.105%
11/11/2021,4.105%,4.220%,4.105%,4.105%
11/12/2021,4.105%,4.222%,4.090%,4.169%
11/15/2021,4.170%,4.170%,4.170%,4.170%
11/16/2021,4.170%,4.170%,4.117%,4.117%
11/17/2021,4.117%,4.117%,4.107%,4.107%
11/18/2021,4.107%,4.172%,4.107%,4.172%
11/22/2021,4.172%,4.302%,4.172%,4.227%
11/23/2021,4.227%,4.389%,4.098%,4.152%
11/24/2021,4.152%,4.336%,4.142%,4.163%
11/25/2021,4.163%,4.337%,4.163%,4.226%
11/26/2021,4.226%,4.614%,4.176%,4.176%
11/29/2021,4.176%,4.177%,4.176%,4.177%
11/30/2021,4.177%,4.177%,4.177%,4.177%
12/01/2021,4.177%,4.288%,4.177%,4.288%
12/02/2021,4.288%,4.346%,4.288%,4.346%
12/03/2021,4.346%,4.346%,4.291%,4.291%
12/06/2021,4.291%,4.404%,4.180%,4.180%
12/07/2021,4.180%,4.405%,4.180%,4.181%
12/08/2021,4.181%,4.183%,4.170%,4.170%
12/09/2021,4.170%,4.182%,4.160%,4.160%
12/10/2021,4.160%,4.161%,4.155%,4.155%
12/13/2021,4.155%,4.162%,4.155%,4.162%
12/14/2021,4.162%,4.277%,4.162%,4.265%
12/15/2021,4.265%,4.265%,4.209%,4.232%
12/16/2021,4.232%,4.267%,4.232%,4.267%
12/17/2021,4.267%,4.328%,4.267%,4.304%
12/20/2021,4.304%,4.543%,4.304%,4.543%
12/21/2021,4.543%,4.781%,4.543%,4.659%
12/22/2021,4.659%,4.659%,4.543%,4.543%
12/23/2021,4.543%,4.548%,4.543%,4.548%
12/24/2021,4.548%,4.548%,4.399%,4.409%
12/27/2021,4.409%,4.506%,4.409%,4.454%
12/28/2021,4.454%,4.454%,4.448%,4.448%
12/29/2021,4.448%,4.448%,4.425%,4.425%
12/30/2021,4.425%,4.472%,4.389%,4.389%
12/31/2021,4.389%,4.420%,4.368%,4.404%
01/03/2022,4.404%,4.445%,4.392%,4.392%
01/04/2022,4.392%,4.502%,4.392%,4.406%
01/05/2022,4.406%,4.453%,4.406%,4.442%
01/06/2022,4.442%,4.467%,4.400%,4.400%
01/07/2022,4.400%,4.425%,4.387%,4.393%
01/10/2022,4.403%,4.418%,4.403%,4.418%
01/11/2022,4.418%,4.957%,4.400%,4.957%
01/12/2022,4.957%,4.957%,4.919%,4.919%
01/13/2022,4.919%,5.036%,4.919%,5.036%
01/14/2022,5.036%,5.040%,5.036%,5.040%
01/17/2022,5.040%,5.045%,5.040%,5.045%
01/18/2022,5.045%,5.045%,4.848%,4.848%
01/19/2022,4.848%,4.889%,4.848%,4.889%
01/20/2022,4.889%,4.889%,4.810%,4.810%
01/21/2022,4.810%,4.931%,4.810%,4.931%
01/24/2022,4.931%,4.931%,4.847%,4.847%
01/25/2022,4.847%,4.937%,4.847%,4.937%
01/27/2022,4.937%,4.977%,4.937%,4.977%
01/28/2022,4.977%,4.980%,4.818%,4.818%
01/31/2022,4.818%,4.981%,4.818%,4.981%
02/01/2022,4.981%,5.068%,4.981%,5.068%
02/02/2022,5.068%,5.229%,5.068%,5.229%
02/03/2022,5.229%,5.229%,4.904%,4.904%
02/04/2022,4.904%,4.949%,4.904%,4.949%
02/06/2022,5.032%,5.032%,5.032%,5.032%
02/08/2022,5.032%,5.038%,5.032%,5.038%
02/09/2022,5.038%,5.045%,5.038%,5.045%
02/10/2022,5.045%,5.080%,4.873%,4.873%
02/11/2022,4.873%,5.085%,4.873%,5.043%
02/14/2022,5.043%,5.043%,4.753%,4.753%
02/15/2022,4.753%,4.837%,4.753%,4.837%
02/16/2022,4.837%,5.002%,4.837%,5.002%
02/17/2022,5.002%,5.011%,5.002%,5.011%
02/18/2022,5.011%,5.011%,4.928%,4.928%
02/21/2022,4.928%,4.928%,4.890%,4.890%
02/22/2022,4.890%,4.890%,4.849%,4.849%
02/23/2022,4.849%,4.849%,4.754%,4.754%
02/24/2022,4.754%,4.891%,4.662%,4.662%
02/25/2022,4.662%,4.896%,4.662%,4.896%
02/28/2022,4.896%,4.896%,4.858%,4.858%
03/02/2022,4.858%,4.862%,4.858%,4.862%
03/03/2022,4.862%,4.862%,4.817%,4.817%
03/04/2022,4.817%,4.935%,4.817%,4.935%
03/07/2022,4.935%,4.958%,4.935%,4.958%
03/08/2022,4.958%,4.958%,4.915%,4.915%
03/09/2022,4.915%,5.134%,4.915%,5.002%
03/10/2022,5.002%,5.002%,4.871%,4.871%
03/11/2022,4.871%,4.920%,4.871%,4.902%
03/14/2022,4.902%,4.902%,4.877%,4.877%
03/15/2022,4.877%,4.877%,4.847%,4.847%
03/16/2022,4.847%,4.960%,4.781%,4.781%
03/17/2022,4.781%,4.839%,4.781%,4.839%
03/21/2022,4.839%,4.839%,4.706%,4.706%
03/22/2022,4.706%,4.979%,4.706%,4.889%
03/23/2022,4.889%,4.981%,4.889%,4.890%
03/24/2022,4.890%,4.890%,4.800%,4.800%
03/25/2022,4.800%,4.850%,4.759%,4.759%
03/28/2022,4.759%,4.898%,4.759%,4.806%
03/29/2022,4.806%,4.807%,4.623%,4.623%
03/30/2022,4.623%,5.001%,4.623%,4.715%
03/31/2022,4.715%,5.074%,4.715%,4.850%
04/04/2022,4.850%,4.945%,4.814%,4.814%
04/05/2022,4.814%,4.814%,4.619%,4.619%
04/06/2022,4.619%,4.630%,4.619%,4.630%
04/07/2022,4.630%,4.677%,4.630%,4.677%
04/08/2022,4.677%,5.394%,4.677%,5.384%
04/11/2022,5.003%,5.205%,5.003%,5.110%
04/12/2022,5.110%,5.309%,5.110%,5.309%
04/13/2022,5.309%,5.409%,5.309%,5.409%
04/14/2022,5.512%,5.512%,5.512%,5.512%
04/18/2022,5.512%,5.512%,5.213%,5.213%
04/19/2022,5.213%,5.223%,5.206%,5.206%
04/20/2022,5.206%,5.381%,5.206%,5.381%
04/21/2022,5.381%,5.433%,5.381%,5.433%
04/22/2022,5.433%,5.486%,5.433%,5.486%
04/25/2022,5.486%,5.738%,5.390%,5.539%
04/26/2022,5.539%,5.539%,4.848%,4.848%
04/27/2022,4.848%,5.097%,4.848%,4.849%
04/28/2022,4.849%,5.050%,4.849%,4.851%
04/29/2022,4.851%,5.207%,4.851%,5.156%
05/02/2022,5.156%,5.468%,5.156%,5.468%
05/04/2022,5.468%,5.526%,5.265%,5.526%
05/05/2022,5.526%,6.035%,5.526%,5.984%
05/06/2022,5.984%,6.050%,5.688%,6.050%
05/09/2022,6.050%,6.065%,6.050%,6.065%
05/10/2022,6.065%,6.065%,5.800%,5.800%
05/11/2022,5.800%,6.117%,5.800%,6.107%
05/12/2022,6.107%,6.107%,6.080%,6.080%
05/13/2022,6.080%,6.080%,5.958%,6.037%
05/15/2022,6.037%,6.037%,6.037%,6.037%
05/17/2022,6.037%,6.122%,6.037%,6.042%
05/18/2022,6.042%,6.089%,6.042%,6.047%
05/19/2022,6.047%,6.276%,5.998%,5.998%
05/20/2022,5.998%,6.066%,5.998%,6.066%
05/23/2022,6.066%,6.066%,6.017%,6.036%
05/24/2022,6.036%,6.036%,6.011%,6.032%
05/25/2022,6.032%,6.078%,6.032%,6.037%
05/26/2022,6.037%,6.042%,6.037%,6.042%
05/27/2022,6.042%,6.057%,5.991%,5.991%
05/30/2022,5.991%,6.210%,5.991%,6.046%
05/31/2022,6.046%,6.227%,6.046%,6.227%
06/01/2022,6.227%,6.227%,6.056%,6.056%
06/02/2022,6.056%,6.072%,6.056%,6.072%
06/03/2022,6.072%,6.187%,6.072%,6.120%
06/06/2022,6.120%,6.373%,6.120%,6.373%
06/07/2022,6.072%,6.492%,6.072%,6.492%
06/08/2022,6.492%,6.713%,6.492%,6.713%
06/09/2022,6.713%,6.791%,6.260%,6.791%
06/10/2022,6.791%,6.791%,6.340%,6.340%
06/13/2022,6.340%,6.340%,6.301%,6.301%
06/14/2022,6.301%,6.467%,6.295%,6.295%
06/15/2022,6.295%,6.295%,6.243%,6.243%
06/16/2022,6.243%,6.243%,6.191%,6.191%
06/17/2022,6.191%,6.348%,6.191%,6.348%
06/20/2022,6.348%,6.348%,6.272%,6.272%
06/21/2022,6.272%,6.272%,6.220%,6.220%
06/22/2022,6.220%,6.226%,6.220%,6.226%
06/23/2022,6.226%,6.586%,6.226%,6.243%
06/24/2022,6.243%,6.309%,6.243%,6.309%
06/27/2022,6.309%,6.375%,6.309%,6.375%
06/28/2022,6.375%,6.381%,6.315%,6.381%
06/29/2022,6.381%,6.388%,6.327%,6.327%
06/30/2022,6.327%,6.370%,6.009%,6.009%
07/01/2022,6.009%,6.292%,6.009%,6.292%
07/04/2022,6.292%,6.299%,6.286%,6.286%
07/05/2022,6.286%,6.286%,6.152%,6.152%
07/06/2022,6.152%,6.250%,6.152%,6.189%
07/07/2022,6.189%,6.189%,6.133%,6.133%
07/08/2022,6.133%,6.213%,6.133%,6.213%
07/11/2022,6.213%,6.282%,6.213%,6.279%
07/12/2022,6.279%,6.427%,6.279%,6.427%
07/13/2022,6.427%,6.427%,6.420%,6.420%
07/14/2022,6.420%,6.695%,6.420%,6.695%
07/15/2022,6.695%,6.695%,6.385%,6.385%
07/18/2022,6.385%,6.406%,6.328%,6.328%
07/19/2022,6.328%,6.348%,6.328%,6.348%
07/20/2022,6.348%,6.420%,6.348%,6.420%
07/21/2022,6.420%,6.420%,6.117%,6.149%
07/22/2022,6.149%,6.201%,6.149%,6.201%
07/25/2022,6.201%,6.834%,6.201%,6.834%
07/26/2022,6.834%,6.834%,6.530%,6.530%
07/27/2022,6.530%,6.530%,6.447%,6.447%
07/28/2022,6.447%,6.447%,6.319%,6.319%
07/29/2022,6.319%,6.346%,6.254%,6.254%
07/31/2022,6.254%,6.254%,6.254%,6.254%
08/08/2022,6.191%,6.276%,6.191%,6.235%
08/10/2022,6.235%,6.421%,6.147%,6.160%
08/11/2022,6.160%,6.222%,6.160%,6.222%
08/12/2022,6.222%,6.328%,6.222%,6.328%
08/15/2022,6.328%,6.328%,6.328%,6.328%
08/16/2022,6.328%,6.328%,6.328%,6.328%
08/17/2022,6.328%,6.328%,6.280%,6.280%
08/18/2022,6.280%,6.280%,6.202%,6.202%
08/19/2022,6.202%,6.224%,6.202%,6.224%
08/22/2022,6.224%,6.231%,6.224%,6.231%
08/23/2022,6.231%,6.239%,6.231%,6.239%
08/24/2022,6.239%,6.318%,6.239%,6.318%
08/25/2022,6.318%,6.351%,6.239%,6.239%
08/26/2022,6.239%,6.407%,6.239%,6.407%
08/29/2022,6.407%,6.431%,6.284%,6.284%
08/30/2022,6.284%,6.431%,6.263%,6.263%
09/01/2022,6.263%,6.300%,6.263%,6.285%
09/02/2022,6.285%,6.429%,6.285%,6.354%
09/05/2022,6.354%,6.354%,6.302%,6.302%
09/06/2022,6.302%,6.302%,6.251%,6.251%
09/07/2022,6.251%,6.251%,6.244%,6.244%
09/08/2022,6.244%,6.282%,6.244%,6.282%
09/09/2022,6.282%,6.306%,6.229%,6.306%
09/12/2022,6.306%,6.469%,6.306%,6.384%
09/13/2022,6.384%,6.385%,6.323%,6.385%
09/14/2022,6.385%,6.385%,6.331%,6.331%
09/15/2022,6.331%,6.575%,6.331%,6.497%
09/16/2022,6.497%,6.497%,6.366%,6.477%
09/19/2022,6.477%,6.477%,6.296%,6.455%
09/20/2022,6.455%,6.460%,6.400%,6.400%
09/21/2022,6.400%,6.554%,6.400%,6.554%
09/22/2022,6.554%,6.644%,6.554%,6.644%
09/23/2022,6.644%,6.675%,6.594%,6.671%
09/26/2022,6.671%,6.801%,6.671%,6.768%
09/27/2022,6.768%,6.779%,6.614%,6.779%
09/28/2022,6.779%,6.857%,6.779%,6.790%
09/29/2022,6.790%,6.790%,6.652%,6.652%
09/30/2022,6.652%,6.813%,6.498%,6.498%
10/03/2022,6.583%,6.932%,6.583%,6.932%
10/04/2022,6.932%,6.932%,6.614%,6.614%
10/05/2022,6.614%,6.614%,6.614%,6.614%
10/06/2022,6.614%,7.228%,6.614%,6.625%
10/07/2022,6.625%,6.832%,6.625%,6.832%
10/10/2022,6.832%,7.283%,6.832%,7.283%
10/11/2022,7.283%,7.283%,6.856%,7.033%
10/12/2022,7.033%,7.033%,6.657%,6.657%
10/13/2022,6.657%,6.881%,6.657%,6.846%
10/14/2022,6.846%,6.846%,6.739%,6.739%
10/17/2022,6.739%,6.841%,6.739%,6.751%
10/18/2022,6.751%,6.763%,6.582%,6.582%
10/19/2022,6.582%,6.958%,6.582%,6.958%
10/20/2022,6.958%,6.958%,6.696%,6.696%
10/21/2022,6.696%,6.696%,6.652%,6.652%
10/23/2022,6.652%,6.652%,6.652%,6.652%
10/25/2022,6.652%,6.652%,6.570%,6.570%
10/27/2022,6.570%,6.878%,6.570%,6.878%
10/28/2022,6.878%,7.561%,6.878%,7.561%
10/31/2022,7.561%,7.561%,6.919%,6.919%
11/01/2022,6.919%,7.321%,6.400%,7.321%
11/02/2022,7.321%,7.321%,6.849%,6.849%
11/03/2022,6.849%,7.648%,6.849%,7.648%
11/04/2022,7.648%,7.816%,7.648%,7.816%
11/07/2022,7.816%,7.816%,7.091%,7.091%
11/08/2022,7.091%,7.091%,7.091%,7.091%
11/09/2022,7.091%,7.202%,7.091%,7.202%
11/10/2022,7.202%,7.202%,6.983%,6.983%
11/11/2022,6.983%,7.094%,6.983%,7.094%
11/14/2022,7.094%,7.094%,7.082%,7.082%
11/15/2022,7.082%,7.281%,7.082%,7.281%
11/16/2022,7.281%,7.533%,7.281%,7.533%
11/17/2022,7.533%,7.533%,6.886%,6.906%
11/18/2022,6.906%,6.963%,6.906%,6.963%
11/21/2022,6.963%,7.053%,6.963%,7.053%
11/22/2022,7.053%,7.152%,7.053%,7.152%
11/23/2022,7.152%,7.200%,7.044%,7.044%
11/24/2022,7.044%,7.044%,6.915%,6.915%
11/25/2022,6.915%,7.129%,6.909%,6.982%
11/28/2022,6.982%,6.982%,6.914%,6.914%
11/29/2022,6.914%,6.914%,6.895%,6.895%
11/30/2022,6.895%,6.900%,6.895%,6.900%
12/01/2022,6.900%,6.908%,6.900%,6.908%
12/02/2022,6.908%,6.933%,6.908%,6.933%
12/05/2022,6.933%,6.933%,6.917%,6.917%
12/06/2022,6.917%,7.030%,6.850%,6.858%
12/07/2022,6.858%,6.949%,6.849%,6.949%
12/08/2022,6.949%,6.954%,6.949%,6.954%
12/09/2022,6.954%,6.954%,6.926%,6.926%
12/12/2022,7.161%,7.161%,6.940%,6.940%
12/13/2022,6.940%,6.940%,6.937%,6.937%
12/14/2022,6.937%,7.096%,6.937%,7.096%
12/15/2022,7.096%,7.096%,6.871%,6.871%
12/16/2022,6.871%,6.908%,6.871%,6.908%
12/19/2022,6.908%,7.125%,6.908%,7.125%
12/20/2022,7.125%,7.125%,6.952%,6.952%
12/21/2022,6.947%,6.947%,6.947%,6.947%
12/22/2022,6.947%,6.947%,6.874%,6.907%
12/23/2022,6.907%,6.957%,6.907%,6.912%
12/26/2022,6.912%,6.935%,6.906%,6.906%
12/27/2022,6.906%,6.906%,6.900%,6.900%
12/28/2022,6.900%,6.903%,6.900%,6.900%
12/29/2022,6.900%,6.900%,6.894%,6.894%
12/30/2022,6.894%,6.922%,6.842%,6.842%
01/02/2023,6.842%,6.951%,6.842%,6.951%
01/03/2023,6.978%,6.978%,6.934%,6.941%
01/04/2023,6.941%,6.978%,6.934%,6.934%
01/05/2023,6.934%,6.935%,6.742%,6.935%
01/06/2023,6.935%,6.975%,6.935%,6.975%
01/09/2023,6.975%,6.975%,6.914%,6.928%
01/10/2023,6.928%,6.928%,6.884%,6.884%
01/11/2023,6.884%,6.885%,6.863%,6.870%
01/12/2023,6.870%,6.885%,6.870%,6.885%
01/13/2023,6.885%,6.885%,6.871%,6.871%
01/16/2023,6.871%,6.893%,6.871%,6.893%
01/17/2023,6.893%,6.923%,6.893%,6.923%
01/18/2023,6.923%,6.930%,6.908%,6.908%
01/19/2023,6.908%,7.293%,6.819%,7.293%
01/20/2023,7.293%,7.293%,6.834%,6.872%
01/23/2023,6.872%,6.909%,6.857%,6.872%
01/24/2023,6.872%,6.917%,6.849%,6.910%
01/25/2023,6.910%,6.933%,6.910%,6.925%
01/27/2023,6.925%,6.987%,6.925%,6.987%
01/30/2023,6.987%,7.091%,6.987%,7.091%
01/31/2023,7.091%,7.091%,6.991%,6.991%
02/01/2023,6.991%,7.003%,6.930%,6.930%
02/02/2023,6.930%,6.950%,6.874%,6.950%
02/03/2023,6.950%,6.950%,6.920%,6.920%
02/06/2023,6.920%,7.001%,6.920%,6.942%
02/07/2023,6.942%,6.975%,6.942%,6.959%
02/08/2023,6.959%,7.223%,6.959%,7.077%
02/09/2023,7.074%,7.107%,7.072%,7.084%
02/10/2023,7.084%,7.226%,7.084%,7.117%
02/13/2023,7.117%,7.266%,7.117%,7.149%
02/14/2023,7.149%,7.385%,7.149%,7.212%
02/15/2023,7.181%,7.219%,7.143%,7.182%
02/16/2023,7.205%,7.206%,7.167%,7.191%
02/17/2023,7.191%,7.261%,7.191%,7.261%
02/20/2023,7.261%,7.313%,7.186%,7.226%
02/21/2023,7.218%,7.235%,7.187%,7.225%
02/22/2023,7.225%,7.276%,7.225%,7.276%
02/23/2023,7.276%,7.277%,7.237%,7.237%
02/24/2023,7.229%,7.304%,7.229%,7.254%
02/27/2023,7.254%,7.321%,7.254%,7.297%
02/28/2023,7.297%,7.325%,7.297%,7.325%
03/01/2023,7.309%,7.379%,7.309%,7.358%
03/02/2023,7.326%,7.409%,7.326%,7.392%
03/03/2023,7.392%,7.392%,7.339%,7.372%
03/06/2023,7.388%,7.388%,7.333%,7.348%
03/08/2023,7.348%,7.434%,7.348%,7.434%
03/09/2023,7.434%,7.460%,7.377%,7.443%
03/10/2023,7.418%,7.423%,7.381%,7.381%
03/13/2023,7.381%,7.381%,7.239%,7.254%
03/14/2023,7.254%,7.254%,7.201%,7.201%
03/15/2023,7.209%,7.285%,7.209%,7.285%
03/16/2023,7.260%,7.303%,7.207%,7.207%
03/17/2023,7.207%,7.332%,7.207%,7.231%
03/20/2023,7.241%,7.241%,7.182%,7.182%
03/21/2023,7.241%,7.241%,7.218%,7.218%
03/22/2023,7.218%,7.218%,7.218%,7.218%
03/23/2023,7.218%,7.219%,7.185%,7.200%
03/24/2023,7.193%,7.200%,7.182%,7.182%
03/27/2023,7.179%,7.198%,7.179%,7.198%
03/28/2023,7.180%,7.233%,7.180%,7.220%
03/29/2023,7.229%,7.320%,7.229%,7.251%
03/31/2023,7.191%,7.194%,7.151%,7.151%
04/03/2023,7.149%,7.179%,7.127%,7.149%
04/05/2023,7.140%,7.140%,7.111%,7.120%
04/06/2023,7.126%,7.141%,6.992%,7.001%
04/10/2023,6.949%,6.949%,6.914%,6.949%
04/11/2023,6.949%,7.029%,6.941%,6.941%
04/12/2023,6.950%,6.986%,6.913%,6.924%
04/13/2023,6.922%,6.957%,6.922%,6.944%
04/17/2023,7.003%,7.003%,6.958%,6.962%
04/18/2023,6.962%,7.008%,6.936%,6.936%
04/19/2023,6.936%,6.946%,6.936%,6.937%
04/20/2023,6.937%,6.938%,6.929%,6.933%
04/21/2023,6.938%,6.976%,6.929%,6.940%
04/24/2023,6.944%,6.944%,6.940%,6.940%
04/25/2023,6.922%,6.950%,6.905%,6.941%
04/26/2023,6.936%,6.942%,6.919%,6.923%
04/27/2023,6.919%,7.042%,6.906%,6.906%
04/28/2023,6.906%,6.936%,6.906%,6.911%
05/01/2023,6.908%,6.908%,6.908%,6.908%
05/02/2023,6.908%,7.137%,6.908%,6.946%
05/03/2023,6.946%,6.946%,6.910%,6.910%
05/04/2023,6.905%,6.940%,6.866%,6.912%
05/08/2023,6.912%,6.959%,6.912%,6.941%
05/09/2023,6.959%,6.959%,6.913%,6.923%
05/10/2023,6.920%,6.931%,6.920%,6.931%
05/11/2023,6.931%,6.931%,6.905%,6.915%
05/12/2023,6.920%,6.920%,6.907%,6.917%
05/15/2023,6.907%,6.918%,6.889%,6.894%
05/16/2023,6.894%,6.918%,6.880%,6.880%
05/17/2023,6.871%,6.881%,6.852%,6.871%
05/18/2023,6.881%,6.881%,6.853%,6.877%
05/19/2023,6.872%,6.951%,6.867%,6.869%
05/22/2023,6.869%,7.068%,6.826%,6.843%
05/23/2023,6.843%,6.875%,6.788%,6.817%
05/24/2023,6.861%,6.876%,6.789%,6.798%
05/25/2023,6.789%,6.808%,6.789%,6.789%
05/26/2023,6.789%,6.878%,6.781%,6.781%
05/29/2023,6.859%,6.928%,6.859%,6.928%
05/30/2023,6.860%,6.860%,6.830%,6.830%
05/31/2023,6.820%,6.831%,6.820%,6.831%
06/01/2023,6.821%,6.866%,6.782%,6.789%
06/02/2023,6.782%,6.793%,6.781%,6.788%
06/05/2023,6.788%,6.834%,6.788%,6.834%
06/06/2023,6.834%,6.834%,6.824%,6.824%
06/07/2023,6.809%,6.809%,6.805%,6.805%
06/08/2023,6.805%,6.986%,6.805%,6.866%
06/09/2023,6.866%,6.868%,6.837%,6.868%
06/12/2023,6.838%,6.838%,6.838%,6.838%
06/13/2023,6.835%,6.839%,6.808%,6.818%
06/14/2023,6.818%,6.819%,6.814%,6.819%
06/15/2023,6.829%,6.840%,6.825%,6.825%
06/16/2023,6.830%,6.842%,6.827%,6.842%
06/19/2023,6.827%,6.874%,6.822%,6.822%
06/20/2023,6.812%,6.833%,6.812%,6.818%
06/21/2023,6.818%,7.000%,6.818%,6.834%
06/22/2023,6.834%,6.922%,6.824%,6.876%
06/23/2023,6.876%,6.889%,6.868%,6.868%
06/26/2023,6.886%,6.911%,6.886%,6.900%
06/27/2023,6.861%,7.063%,6.861%,7.063%
06/28/2023,6.877%,6.891%,6.848%,6.848%
06/30/2023,6.848%,7.008%,6.848%,7.008%
07/03/2023,7.008%,7.063%,7.008%,7.063%
07/04/2023,7.063%,7.063%,6.870%,6.870%
07/05/2023,6.870%,6.903%,6.870%,6.903%
07/06/2023,6.870%,6.870%,6.838%,6.838%
07/07/2023,6.881%,6.959%,6.881%,6.959%
07/10/2023,6.959%,6.959%,6.899%,6.899%
07/11/2023,6.899%,6.899%,6.883%,6.883%
07/12/2023,6.883%,6.960%,6.883%,6.960%
07/13/2023,6.960%,6.960%,6.872%,6.872%
07/14/2023,6.872%,7.006%,6.872%,7.006%
07/17/2023,6.962%,6.962%,6.907%,6.907%
07/18/2023,6.873%,6.907%,6.873%,6.907%
07/19/2023,6.907%,6.907%,6.907%,6.907%
07/20/2023,6.907%,7.359%,6.907%,7.359%
07/21/2023,7.359%,7.359%,6.908%,6.909%
07/24/2023,6.931%,6.966%,6.909%,6.909%
07/25/2023,6.895%,6.910%,6.895%,6.910%
07/26/2023,6.910%,6.910%,6.887%,6.887%
07/27/2023,6.910%,6.968%,6.910%,6.933%
07/28/2023,6.899%,7.085%,6.899%,6.969%
07/31/2023,6.970%,6.970%,6.941%,6.941%
08/01/2023,6.941%,6.970%,6.912%,6.912%
08/02/2023,6.959%,6.959%,6.959%,6.959%
08/03/2023,6.936%,7.030%,6.936%,7.030%
08/04/2023,7.030%,7.089%,7.030%,7.089%
08/07/2023,7.089%,7.089%,6.938%,6.938%
08/08/2023,6.938%,6.975%,6.903%,6.903%
08/09/2023,6.951%,7.011%,6.951%,7.011%
08/10/2023,7.011%,7.251%,7.011%,7.131%
08/11/2023,7.096%,7.157%,7.096%,7.157%
08/14/2023,7.050%,7.187%,7.050%,7.053%
08/15/2023,7.041%,7.041%,7.041%,7.041%
08/17/2023,7.041%,7.259%,7.041%,7.259%
08/18/2023,7.253%,7.253%,7.166%,7.166%
08/21/2023,7.107%,7.170%,7.107%,7.170%
08/22/2023,7.132%,7.171%,7.109%,7.109%
08/23/2023,7.109%,7.110%,7.017%,7.023%
08/24/2023,7.073%,7.146%,7.049%,7.074%
08/25/2023,7.074%,7.074%,7.052%,7.052%
08/28/2023,7.052%,7.053%,7.015%,7.015%
08/29/2023,7.015%,7.076%,7.015%,7.029%
08/30/2023,7.029%,7.079%,7.029%,7.029%
08/31/2023,7.054%,7.054%,7.030%,7.042%
09/01/2023,7.042%,7.042%,7.020%,7.020%
09/04/2023,7.020%,7.034%,7.020%,7.021%
09/05/2023,7.021%,7.022%,7.021%,7.022%
09/06/2023,7.022%,7.049%,7.022%,7.049%
09/07/2023,7.049%,7.049%,7.037%,7.037%
09/08/2023,7.063%,7.130%,7.063%,7.130%
09/11/2023,7.040%,7.055%,7.040%,7.055%
09/12/2023,7.055%,7.056%,7.042%,7.042%
09/13/2023,7.056%,7.137%,7.056%,7.137%
09/14/2023,7.137%,7.137%,7.058%,7.058%
09/15/2023,7.058%,7.089%,7.058%,7.075%
09/18/2023,7.075%,7.142%,7.075%,7.078%
09/20/2023,7.078%,7.079%,7.078%,7.079%
09/21/2023,7.079%,7.149%,7.079%,7.081%
09/22/2023,7.108%,7.154%,7.108%,7.154%
09/25/2023,7.085%,7.155%,7.085%,7.155%
09/26/2023,7.155%,7.157%,7.155%,7.157%
09/27/2023,7.157%,7.161%,7.090%,7.090%
09/28/2023,7.090%,7.161%,7.090%,7.157%
09/29/2023,7.157%,7.157%,7.125%,7.125%
10/01/2023,7.125%,7.125%,7.125%,7.125%
10/03/2023,7.125%,7.127%,7.125%,7.127%
10/04/2023,7.127%,7.300%,7.127%,7.272%
10/05/2023,7.272%,7.272%,7.144%,7.144%
10/06/2023,7.159%,7.159%,7.159%,7.159%
10/09/2023,7.211%,7.211%,7.177%,7.177%
10/10/2023,7.177%,7.177%,7.135%,7.135%
10/11/2023,7.135%,7.166%,7.116%,7.140%
10/12/2023,7.140%,7.260%,7.140%,7.260%
10/13/2023,7.260%,7.263%,7.151%,7.151%
10/16/2023,7.151%,7.165%,7.151%,7.165%
10/17/2023,7.165%,7.182%,7.151%,7.151%
10/18/2023,7.151%,7.153%,7.151%,7.153%
10/19/2023,7.153%,7.216%,7.152%,7.201%
10/20/2023,7.216%,7.216%,7.154%,7.154%
10/23/2023,7.154%,7.154%,7.134%,7.150%
10/24/2023,7.150%,7.150%,7.134%,7.134%
10/25/2023,7.134%,7.152%,7.129%,7.129%
10/26/2023,7.121%,7.150%,7.121%,7.131%
10/27/2023,7.131%,7.156%,7.129%,7.129%
10/30/2023,7.129%,7.129%,7.129%,7.129%
10/31/2023,7.129%,7.131%,7.129%,7.131%
11/01/2023,7.131%,7.133%,7.125%,7.125%
11/02/2023,7.133%,7.133%,7.095%,7.095%
11/03/2023,7.095%,7.125%,7.092%,7.125%
11/06/2023,7.121%,7.121%,7.086%,7.086%
11/07/2023,7.086%,7.092%,7.086%,7.092%
11/08/2023,7.090%,7.090%,7.082%,7.082%
11/09/2023,7.082%,7.092%,7.082%,7.084%
11/10/2023,7.084%,7.090%,7.084%,7.090%
11/13/2023,7.090%,7.144%,7.090%,7.111%
11/15/2023,7.111%,7.111%,7.092%,7.092%
11/16/2023,7.092%,7.092%,7.081%,7.081%
11/17/2023,7.081%,7.092%,7.081%,7.092%
11/20/2023,7.092%,7.092%,7.089%,7.089%
11/21/2023,7.161%,7.161%,7.087%,7.092%
11/22/2023,7.087%,7.374%,7.087%,7.374%
11/23/2023,7.374%,7.374%,7.184%,7.184%
11/24/2023,7.166%,7.195%,7.166%,7.195%
11/26/2023,7.195%,7.195%,7.195%,7.195%
11/28/2023,7.195%,7.215%,7.143%,7.143%
11/29/2023,7.143%,7.218%,7.143%,7.164%
11/30/2023,7.110%,7.167%,7.110%,7.126%
12/01/2023,7.126%,7.175%,7.126%,7.138%
12/04/2023,7.138%,7.178%,7.138%,7.178%
12/05/2023,7.141%,7.237%,7.141%,7.199%
12/06/2023,7.162%,7.202%,7.162%,7.184%
12/07/2023,7.184%,7.243%,7.184%,7.196%
12/08/2023,7.168%,7.309%,7.168%,7.309%
12/11/2023,7.281%,7.281%,7.190%,7.190%
12/12/2023,7.183%,7.183%,7.179%,7.179%
12/13/2023,7.158%,7.256%,7.158%,7.256%
12/14/2023,7.205%,7.205%,7.187%,7.187%
12/15/2023,7.187%,7.227%,7.187%,7.227%
12/18/2023,7.227%,7.310%,7.227%,7.310%
12/19/2023,7.090%,7.240%,7.090%,7.093%
12/20/2023,7.093%,7.207%,7.093%,7.207%
12/21/2023,7.207%,7.207%,7.063%,7.063%
12/22/2023,7.063%,7.187%,7.063%,7.187%
12/24/2023,7.187%,7.187%,7.187%,7.187%
12/26/2023,7.187%,7.187%,7.116%,7.116%
12/27/2023,7.079%,7.119%,7.079%,7.119%
12/28/2023,7.119%,7.197%,7.119%,7.197%
12/29/2023,7.123%,7.123%,7.085%,7.085%
01/01/2024,7.085%,7.133%,7.085%,7.133%
01/02/2024,7.133%,7.133%,7.046%,7.046%
01/03/2024,7.046%,7.080%,7.038%,7.080%
01/04/2024,7.080%,7.143%,7.080%,7.143%
01/05/2024,7.143%,7.143%,7.074%,7.074%
01/08/2024,7.074%,7.081%,7.074%,7.081%
01/09/2024,7.081%,7.122%,7.077%,7.077%
01/10/2024,7.062%,7.065%,7.038%,7.038%
01/11/2024,7.038%,7.061%,7.038%,7.061%
01/12/2024,7.045%,7.063%,7.025%,7.063%
01/15/2024,7.040%,7.043%,7.040%,7.043%
01/16/2024,7.043%,7.047%,7.031%,7.031%
01/17/2024,7.031%,7.050%,7.031%,7.031%
01/18/2024,7.027%,7.046%,7.027%,7.046%
01/19/2024,7.038%,7.087%,7.038%,7.087%
01/21/2024,7.071%,7.071%,7.071%,7.071%
01/23/2024,7.071%,7.071%,7.055%,7.055%
01/24/2024,7.047%,7.097%,7.047%,7.097%
01/25/2024,7.096%,7.096%,7.096%,7.096%
01/29/2024,7.096%,7.194%,7.096%,7.194%
01/30/2024,7.060%,7.060%,7.052%,7.060%
01/31/2024,7.060%,7.119%,7.040%,7.040%
02/01/2024,7.038%,7.038%,7.036%,7.036%
02/02/2024,7.036%,7.036%,7.014%,7.014%
02/05/2024,7.014%,7.014%,7.014%,7.014%
02/06/2024,7.014%,7.101%,7.014%,7.101%
02/07/2024,7.005%,7.041%,7.005%,7.041%
02/08/2024,7.041%,7.068%,7.026%,7.026%
02/09/2024,7.020%,7.111%,7.020%,7.079%
02/12/2024,7.047%,7.103%,7.047%,7.067%
02/13/2024,7.073%,7.111%,7.073%,7.080%
02/14/2024,7.086%,7.179%,7.086%,7.131%
02/15/2024,7.115%,7.115%,7.094%,7.094%
02/16/2024,7.094%,7.094%,7.084%,7.084%
02/20/2024,7.113%,7.113%,7.072%,7.072%
02/21/2024,7.055%,7.075%,7.034%,7.051%
02/22/2024,7.051%,7.079%,7.038%,7.038%
02/23/2024,7.030%,7.091%,7.030%,7.049%
02/26/2024,7.057%,7.136%,7.051%,7.051%
02/27/2024,7.045%,7.223%,7.040%,7.040%
02/28/2024,7.040%,7.060%,7.040%,7.052%
02/29/2024,7.052%,7.068%,7.043%,7.043%
03/01/2024,7.043%,7.114%,7.043%,7.114%
03/04/2024,7.114%,7.168%,7.114%,7.168%
03/05/2024,7.168%,7.168%,7.045%,7.045%
03/06/2024,7.045%,7.049%,7.040%,7.040%
03/07/2024,7.040%,7.060%,7.040%,7.056%
03/11/2024,7.060%,7.081%,7.060%,7.081%
03/12/2024,7.081%,7.081%,7.055%,7.055%
03/13/2024,7.055%,7.076%,7.055%,7.076%
03/14/2024,7.085%,7.089%,7.072%,7.080%
03/15/2024,7.080%,7.119%,7.080%,7.119%
03/18/2024,7.101%,7.121%,7.101%,7.121%
03/19/2024,7.121%,7.136%,7.114%,7.125%
03/20/2024,7.118%,7.131%,7.114%,7.114%
03/21/2024,7.114%,7.127%,7.107%,7.107%
03/22/2024,7.091%,7.126%,7.090%,7.108%
03/24/2024,7.108%,7.108%,7.108%,7.108%
03/26/2024,7.108%,7.148%,7.108%,7.119%
03/27/2024,7.112%,7.112%,7.110%,7.110%
03/28/2024,7.117%,7.152%,7.080%,7.152%
03/31/2024,7.089%,7.089%,7.089%,7.089%
04/02/2024,7.089%,7.089%,7.066%,7.066%
04/03/2024,7.066%,7.066%,7.050%,7.050%
04/04/2024,7.046%,7.057%,7.021%,7.039%
04/05/2024,7.039%,7.051%,7.039%,7.051%
04/08/2024,7.051%,7.096%,7.051%,7.078%
04/10/2024,7.078%,7.105%,7.069%,7.069%
04/12/2024,7.069%,7.247%,7.069%,7.247%
04/15/2024,7.247%,7.247%,7.031%,7.031%
04/16/2024,7.040%,7.067%,7.040%,7.067%
04/18/2024,7.067%,7.067%,7.044%,7.044%
04/19/2024,7.058%,7.150%,7.058%,7.104%
04/22/2024,7.150%,7.202%,7.150%,7.202%
04/23/2024,7.202%,7.202%,7.075%,7.075%
04/24/2024,7.075%,7.080%,7.075%,7.080%
04/25/2024,7.080%,7.112%,7.080%,7.112%
04/26/2024,7.112%,7.221%,7.112%,7.221%
04/29/2024,7.221%,7.221%,7.093%,7.093%
04/30/2024,7.064%,7.074%,7.054%,7.054%
05/02/2024,7.054%,7.107%,7.054%,7.069%
05/03/2024,7.059%,7.083%,7.059%,7.078%
05/06/2024,7.078%,7.078%,7.063%,7.063%
05/07/2024,7.058%,7.060%,7.053%,7.053%
05/08/2024,7.060%,7.077%,7.060%,7.077%
05/09/2024,7.077%,7.082%,7.077%,7.082%
05/10/2024,7.096%,7.096%,7.077%,7.077%
05/13/2024,7.077%,7.081%,7.072%,7.072%
05/14/2024,7.072%,7.086%,7.072%,7.076%
05/15/2024,7.067%,7.071%,7.067%,7.071%
05/16/2024,7.071%,7.071%,7.046%,7.046%
05/17/2024,7.046%,7.071%,7.046%,7.071%
05/19/2024,7.071%,7.071%,7.071%,7.071%
05/21/2024,7.071%,7.101%,7.040%,7.040%
05/22/2024,7.040%,7.060%,7.030%,7.030%
05/24/2024,7.030%,7.030%,7.004%,7.004%
05/27/2024,7.004%,7.009%,7.004%,7.004%
05/28/2024,7.009%,7.034%,7.009%,7.024%
05/29/2024,7.024%,7.039%,7.024%,7.039%
05/30/2024,7.039%,7.039%,7.039%,7.039%
05/31/2024,7.059%,7.059%,7.013%,7.013%
06/03/2024,7.023%,7.023%,7.017%,7.017%
06/04/2024,7.017%,7.168%,7.017%,7.168%
06/05/2024,7.168%,7.168%,7.048%,7.048%
06/06/2024,7.048%,7.048%,7.019%,7.019%
06/07/2024,7.012%,7.058%,7.012%,7.058%
06/10/2024,7.006%,7.011%,7.006%,7.011%
06/11/2024,7.000%,7.005%,7.000%,7.005%
06/12/2024,7.005%,7.010%,6.989%,6.989%
06/13/2024,7.000%,7.005%,6.984%,6.984%
06/14/2024,6.984%,6.997%,6.984%,6.992%
06/16/2024,6.992%,6.992%,6.992%,6.992%
06/18/2024,6.992%,7.007%,6.983%,6.983%
06/19/2024,6.983%,6.995%,6.979%,6.979%
06/20/2024,6.974%,7.003%,6.974%,6.984%
06/21/2024,6.962%,6.998%,6.962%,6.998%
06/24/2024,6.987%,7.057%,6.981%,6.981%
06/25/2024,6.975%,6.983%,6.975%,6.980%
06/26/2024,6.952%,6.979%,6.952%,6.957%
06/27/2024,6.957%,7.006%,6.957%,7.006%
06/28/2024,6.973%,6.987%,6.973%,6.984%
07/01/2024,6.965%,6.965%,6.958%,6.958%
07/02/2024,6.958%,6.993%,6.958%,6.963%
07/03/2024,6.963%,6.968%,6.951%,6.951%
07/04/2024,6.946%,6.962%,6.925%,6.928%
07/05/2024,6.922%,6.953%,6.922%,6.925%
07/08/2024,6.934%,7.015%,6.918%,6.918%
07/09/2024,6.918%,6.940%,6.918%,6.935%
07/10/2024,6.929%,6.957%,6.917%,6.939%
07/11/2024,6.922%,6.939%,6.913%,6.913%
07/12/2024,6.916%,6.930%,6.916%,6.930%
07/15/2024,6.930%,6.958%,6.930%,6.947%
07/16/2024,6.935%,6.935%,6.922%,6.922%
07/18/2024,6.904%,6.915%,6.897%,6.897%
07/22/2024,6.908%,6.908%,6.884%,6.896%
07/23/2024,6.896%,6.964%,6.896%,6.904%
07/24/2024,6.964%,6.964%,6.905%,6.909%
07/25/2024,6.897%,6.897%,6.854%,6.854%
07/26/2024,6.854%,6.871%,6.854%,6.854%
07/29/2024,6.871%,6.871%,6.862%,6.862%
07/30/2024,6.844%,6.862%,6.844%,6.850%
07/31/2024,6.838%,6.867%,6.831%,6.831%
08/01/2024,6.831%,6.836%,6.831%,6.836%
08/02/2024,6.836%,6.836%,6.789%,6.789%
08/05/2024,6.820%,6.820%,6.782%,6.782%
08/06/2024,6.782%,6.799%,6.782%,6.799%
08/07/2024,6.799%,6.841%,6.791%,6.791%
08/08/2024,6.791%,6.871%,6.791%,6.871%
08/09/2024,6.871%,6.871%,6.749%,6.774%
08/12/2024,6.774%,6.791%,6.774%,6.779%
08/13/2024,6.766%,7.834%,6.766%,7.834%
08/14/2024,7.834%,7.834%,6.781%,6.781%
08/16/2024,6.781%,6.924%,6.751%,6.751%
08/19/2024,6.796%,6.796%,6.788%,6.788%
08/20/2024,6.788%,6.794%,6.742%,6.742%
08/21/2024,6.755%,6.773%,6.747%,6.747%
08/22/2024,6.747%,6.752%,6.746%,6.746%
08/23/2024,6.746%,6.754%,6.728%,6.754%
08/26/2024,6.754%,6.760%,6.753%,6.753%
08/27/2024,6.760%,6.760%,6.735%,6.752%
08/28/2024,6.752%,6.767%,6.744%,6.744%
08/29/2024,6.744%,6.782%,6.742%,6.782%
08/30/2024,6.782%,6.782%,6.732%,6.739%
09/02/2024,6.739%,6.805%,6.739%,6.748%
09/03/2024,6.741%,6.797%,6.741%,6.797%
09/04/2024,6.763%,6.763%,6.748%,6.748%
09/05/2024,6.748%,6.767%,6.748%,6.767%
09/06/2024,6.764%,6.764%,6.756%,6.756%
09/09/2024,6.770%,6.844%,6.770%,6.844%
09/10/2024,6.844%,6.844%,6.767%,6.767%
09/11/2024,6.764%,6.793%,6.759%,6.759%
09/12/2024,6.769%,6.778%,6.737%,6.737%
09/13/2024,6.750%,6.750%,6.702%,6.702%
09/16/2024,6.702%,6.717%,6.702%,6.717%
09/17/2024,6.731%,6.731%,6.671%,6.671%
09/19/2024,6.685%,6.705%,6.634%,6.634%
09/20/2024,6.634%,6.696%,6.634%,6.696%
09/23/2024,6.696%,6.696%,6.669%,6.684%
09/24/2024,6.698%,6.936%,6.682%,6.682%
09/25/2024,6.682%,6.797%,6.673%,6.673%
09/26/2024,6.673%,6.715%,6.664%,6.664%
09/27/2024,6.657%,6.862%,6.657%,6.659%
09/30/2024,6.703%,6.753%,6.659%,6.753%
10/01/2024,6.653%,6.713%,6.653%,6.713%
10/03/2024,6.706%,6.706%,6.622%,6.622%
10/04/2024,6.622%,6.654%,6.593%,6.608%
10/07/2024,6.608%,6.682%,6.608%,6.682%
10/08/2024,6.682%,6.682%,6.566%,6.566%
10/09/2024,6.566%,6.579%,6.566%,6.579%
10/10/2024,6.594%,6.594%,6.579%,6.585%
10/11/2024,6.577%,6.596%,6.577%,6.586%
10/14/2024,6.602%,6.607%,6.560%,6.568%
10/15/2024,6.568%,6.598%,6.568%,6.598%
10/16/2024,6.590%,6.603%,6.590%,6.592%
10/17/2024,6.592%,6.625%,6.592%,6.625%
10/18/2024,6.625%,6.625%,6.595%,6.595%
10/21/2024,6.587%,6.601%,6.587%,6.601%
10/22/2024,6.633%,6.633%,6.607%,6.607%
10/23/2024,6.607%,6.743%,6.607%,6.743%
10/24/2024,6.695%,6.832%,6.695%,6.832%
10/25/2024,6.832%,6.832%,6.671%,6.671%
10/28/2024,6.671%,6.694%,6.671%,6.694%
10/29/2024,6.694%,6.701%,6.694%,6.701%
10/30/2024,6.701%,6.701%,6.701%,6.701%
10/31/2024,6.701%,6.728%,6.701%,6.711%
11/04/2024,6.711%,6.735%,6.701%,6.701%
11/05/2024,6.701%,6.701%,6.674%,6.674%
11/06/2024,6.674%,6.749%,6.674%,6.749%
11/07/2024,6.749%,6.749%,6.722%,6.722%
11/08/2024,6.670%,6.764%,6.670%,6.764%
11/11/2024,6.764%,6.874%,6.764%,6.874%
11/12/2024,6.874%,6.874%,6.865%,6.865%
11/13/2024,6.599%,6.599%,6.588%,6.588%
11/14/2024,6.623%,6.855%,6.623%,6.855%
11/18/2024,6.855%,6.855%,6.686%,6.690%
11/19/2024,6.686%,6.701%,6.686%,6.701%
11/20/2024,6.701%,6.701%,6.701%,6.701%
11/21/2024,6.701%,6.701%,6.680%,6.680%
11/22/2024,6.717%,6.717%,6.704%,6.706%
11/25/2024,6.722%,6.748%,6.722%,6.748%
11/26/2024,6.748%,6.756%,6.728%,6.728%
11/27/2024,6.738%,6.765%,6.738%,6.765%
11/28/2024,6.765%,6.773%,6.715%,6.715%
11/29/2024,6.715%,6.798%,6.715%,6.798%
12/02/2024,6.798%,6.798%,6.639%,6.639%
12/03/2024,6.632%,6.641%,6.632%,6.641%
12/04/2024,6.641%,6.643%,6.641%,6.643%
12/05/2024,6.643%,6.645%,6.629%,6.645%
12/06/2024,6.637%,6.731%,6.629%,6.651%
12/09/2024,6.667%,6.693%,6.649%,6.649%
12/10/2024,6.649%,6.695%,6.639%,6.639%
12/11/2024,6.635%,6.697%,6.635%,6.657%
12/12/2024,6.657%,6.699%,6.657%,6.687%
12/13/2024,6.693%,6.697%,6.667%,6.689%
12/16/2024,6.697%,6.699%,6.669%,6.669%
12/17/2024,6.671%,6.696%,6.669%,6.677%
12/18/2024,6.677%,6.694%,6.677%,6.692%
12/19/2024,6.692%,6.755%,6.692%,6.739%
12/20/2024,6.755%,6.755%,6.749%,6.753%
12/23/2024,6.753%,6.753%,6.723%,6.723%
12/24/2024,6.723%,6.736%,6.723%,6.733%
12/26/2024,6.731%,6.746%,6.731%,6.744%
12/27/2024,6.744%,6.761%,6.744%,6.761%
12/30/2024,6.753%,6.753%,6.745%,6.745%
12/31/2024,6.745%,6.745%,6.739%,6.739%
01/01/2025,6.722%,6.749%,6.722%,6.741%
01/02/2025,6.716%,6.718%,6.694%,6.718%
01/03/2025,6.718%,6.750%,6.718%,6.750%
01/06/2025,6.742%,6.755%,6.719%,6.755%
01/07/2025,6.755%,6.755%,6.713%,6.713%
01/08/2025,6.730%,6.730%,6.689%,6.689%
01/09/2025,6.698%,6.698%,6.675%,6.675%
01/10/2025,6.679%,6.724%,6.679%,6.707%
01/13/2025,6.707%,6.851%,6.707%,6.752%
01/14/2025,6.769%,6.798%,6.729%,6.729%
01/15/2025,6.712%,6.712%,6.706%,6.706%
01/16/2025,6.706%,6.706%,6.691%,6.691%
01/17/2025,6.691%,6.691%,6.650%,6.650%
01/20/2025,6.650%,6.700%,6.650%,6.665%
01/21/2025,6.665%,6.665%,6.659%,6.659%
01/22/2025,6.766%,6.766%,6.652%,6.652%
01/23/2025,6.652%,6.707%,6.652%,6.655%
01/24/2025,6.624%,6.662%,6.613%,6.662%
01/27/2025,6.662%,6.662%,6.637%,6.637%
01/28/2025,6.637%,6.657%,6.637%,6.653%
01/29/2025,6.653%,6.774%,6.653%,6.774%
01/30/2025,6.677%,6.677%,6.660%,6.660%
01/31/2025,6.660%,6.680%,6.660%,6.680%
02/03/2025,6.649%,6.649%,6.598%,6.598%
02/04/2025,6.553%,6.654%,6.553%,6.654%
02/05/2025,6.654%,6.654%,6.620%,6.620%
02/06/2025,6.620%,6.620%,6.604%,6.604%
02/07/2025,6.649%,6.652%,6.649%,6.652%
02/10/2025,6.609%,6.659%,6.596%,6.596%
02/11/2025,6.596%,6.598%,6.580%,6.598%
02/12/2025,6.596%,6.600%,6.593%,6.593%
02/13/2025,6.593%,6.598%,6.593%,6.598%
02/14/2025,6.621%,6.669%,6.621%,6.669%
02/17/2025,6.607%,6.723%,6.607%,6.723%
02/18/2025,6.723%,6.723%,6.598%,6.598%
02/20/2025,6.598%,6.598%,6.598%,6.598%
02/21/2025,6.596%,6.608%,6.596%,6.598%
02/24/2025,6.610%,6.610%,6.582%,6.582%
02/25/2025,6.582%,6.587%,6.577%,6.577%
02/27/2025,6.582%,6.582%,6.561%,6.561%
02/28/2025,6.566%,6.616%,6.566%,6.616%
03/03/2025,6.616%,6.671%,6.616%,6.671%
03/04/2025,6.599%,6.599%,6.587%,6.587%
03/05/2025,6.587%,6.590%,6.580%,6.590%
03/06/2025,6.575%,6.583%,6.575%,6.583%
03/07/2025,6.583%,6.634%,6.583%,6.634%
03/10/2025,6.583%,6.603%,6.583%,6.593%
03/11/2025,6.593%,6.595%,6.593%,6.595%
03/12/2025,6.595%,6.598%,6.588%,6.593%
03/13/2025,6.593%,6.618%,6.593%,6.604%
03/17/2025,6.599%,6.611%,6.591%,6.611%
03/18/2025,6.611%,6.611%,6.594%,6.594%
03/19/2025,6.584%,6.584%,6.577%,6.577%
03/20/2025,6.577%,6.577%,6.529%,6.529%
03/21/2025,6.569%,6.575%,6.517%,6.517%
03/24/2025,6.512%,6.519%,6.496%,6.496%
03/25/2025,6.494%,6.582%,6.494%,6.582%
03/26/2025,6.572%,6.572%,6.481%,6.481%
03/27/2025,6.484%,6.486%,6.481%,6.481%
03/28/2025,6.496%,6.527%,6.439%,6.439%
03/30/2025,6.424%,6.424%,6.424%,6.424%
03/31/2025,6.424%,6.424%,6.424%,6.424%
04/02/2025,6.424%,6.444%,6.318%,6.318%
04/03/2025,6.313%,6.336%,6.305%,6.305%
04/04/2025,6.300%,6.332%,6.285%,6.285%
04/07/2025,6.270%,6.292%,6.269%,6.269%
04/08/2025,6.266%,6.292%,6.263%,6.263%
04/09/2025,6.263%,6.285%,6.199%,6.209%
04/11/2025,6.209%,6.210%,6.167%,6.197%
04/13/2025,6.125%,6.125%,6.125%,6.125%
04/15/2025,6.125%,6.147%,6.116%,6.116%
04/16/2025,6.105%,6.116%,6.074%,6.074%
04/17/2025,6.063%,6.067%,6.053%,6.057%
04/21/2025,6.067%,6.067%,6.058%,6.058%
04/22/2025,6.058%,6.058%,6.015%,6.015%
04/23/2025,6.015%,6.038%,5.995%,5.995%
04/24/2025,5.995%,5.995%,5.984%,5.984%
04/25/2025,5.990%,6.064%,5.990%,6.064%
04/28/2025,6.042%,6.042%,6.026%,6.032%
04/29/2025,6.032%,6.032%,6.010%,6.016%
04/30/2025,6.016%,6.016%,5.974%,5.990%
05/02/2025,5.990%,6.037%,5.959%,5.982%
05/05/2025,5.982%,5.982%,5.957%,5.960%
05/06/2025,5.957%,5.983%,5.952%,5.966%
05/07/2025,5.966%,6.018%,5.945%,5.945%
05/08/2025,5.945%,5.962%,5.917%,5.917%
05/09/2025,5.917%,6.080%,5.917%,6.080%
05/11/2025,6.023%,6.023%,6.023%,6.023%
05/13/2025,6.023%,6.023%,5.932%,5.955%
05/14/2025,5.955%,5.967%,5.921%,5.967%
05/15/2025,5.967%,5.967%,5.876%,5.876%
05/16/2025,5.876%,5.876%,5.808%,5.820%
05/19/2025,5.817%,5.878%,5.817%,5.832%
05/20/2025,5.832%,5.832%,5.832%,5.832%
05/21/2025,5.797%,5.821%,5.739%,5.739%
05/22/2025,5.739%,5.763%,5.739%,5.739%
05/23/2025,5.760%,5.879%,5.760%,5.858%
05/26/2025,5.846%,5.895%,5.764%,5.764%
05/27/2025,5.764%,5.764%,5.702%,5.702%
05/28/2025,5.702%,5.731%,5.669%,5.669%
05/29/2025,5.669%,5.693%,5.669%,5.681%
05/30/2025,5.681%,5.681%,5.645%,5.657%
06/02/2025,5.663%,5.675%,5.657%,5.675%
06/03/2025,5.681%,5.681%,5.648%,5.648%
06/04/2025,5.648%,5.648%,5.635%,5.635%
06/05/2025,5.635%,5.638%,5.635%,5.638%
06/06/2025,5.638%,5.638%,5.570%,5.571%
06/09/2025,5.493%,5.521%,5.493%,5.521%
06/10/2025,5.521%,5.564%,5.520%,5.564%
06/11/2025,5.557%,5.619%,5.557%,5.594%
06/12/2025,5.619%,5.682%,5.619%,5.619%
06/13/2025,5.597%,5.669%,5.597%,5.631%
06/16/2025,5.616%,5.631%,5.597%,5.597%
06/17/2025,5.593%,5.619%,5.577%,5.577%
06/18/2025,5.581%,5.581%,5.580%,5.580%
06/19/2025,5.574%,5.618%,5.574%,5.580%
06/20/2025,5.567%,5.592%,5.541%,5.541%
06/23/2025,5.592%,5.592%,5.579%,5.579%
06/24/2025,5.592%,5.602%,5.553%,5.553%
06/25/2025,5.553%,5.670%,5.553%,5.631%
06/26/2025,5.618%,5.621%,5.618%,5.618%
06/27/2025,5.618%,5.631%,5.617%,5.631%
06/30/2025,5.644%,5.644%,5.591%,5.604%
07/01/2025,5.597%,5.611%,5.584%,5.584%
07/02/2025,5.577%,5.584%,5.564%,5.577%
07/03/2025,5.577%,5.577%,5.564%,5.564%
07/04/2025,5.564%,5.576%,5.564%,5.576%
07/07/2025,5.617%,5.617%,5.576%,5.576%
07/08/2025,5.576%,5.576%,5.566%,5.573%
07/09/2025,5.573%,5.600%,5.573%,5.579%
07/10/2025,5.579%,5.589%,5.565%,5.565%
07/11/2025,5.586%,5.658%,5.578%,5.578%
07/14/2025,5.714%,5.714%,5.582%,5.582%
07/15/2025,5.582%,5.616%,5.582%,5.588%
07/16/2025,5.588%,5.588%,5.578%,5.578%
07/17/2025,5.578%,5.588%,5.578%,5.588%
07/18/2025,5.588%,5.588%,5.581%,5.581%
07/21/2025,5.581%,5.602%,5.581%,5.588%
07/22/2025,5.588%,5.609%,5.588%,5.588%
07/23/2025,5.588%,5.588%,5.584%,5.584%
07/24/2025,5.580%,5.587%,5.573%,5.587%
07/25/2025,5.573%,5.602%,5.573%,5.602%
07/28/2025,5.587%,5.602%,5.587%,5.587%
07/29/2025,5.587%,5.590%,5.572%,5.590%
07/30/2025,5.590%,5.594%,5.587%,5.587%
07/31/2025,5.587%,5.594%,5.587%,5.587%
08/01/2025,5.587%,5.601%,5.583%,5.583%
08/04/2025,5.583%,5.616%,5.568%,5.568%
08/05/2025,5.568%,5.571%,5.541%,5.571%
08/06/2025,5.571%,5.601%,5.571%,5.601%
08/07/2025,5.616%,5.616%,5.597%,5.597%
08/08/2025,5.597%,5.601%,5.570%,5.570%
08/11/2025,5.570%,5.628%,5.570%,5.590%
08/12/2025,5.597%,5.617%,5.586%,5.586%
08/13/2025,5.597%,5.695%,5.597%,5.601%
08/14/2025,5.601%,5.601%,5.601%,5.601%
08/18/2025,5.601%,5.617%,5.601%,5.617%
08/19/2025,5.617%,5.633%,5.617%,5.633%
08/20/2025,5.617%,5.617%,5.585%,5.613%
08/21/2025,5.613%,5.617%,5.613%,5.617%
08/22/2025,5.617%,5.741%,5.617%,5.741%
08/25/2025,5.749%,5.799%,5.748%,5.748%
08/26/2025,5.748%,5.796%,5.748%,5.796%
08/28/2025,5.796%,5.796%,5.750%,5.750%
08/29/2025,5.750%,5.787%,5.750%,5.787%
09/01/2025,5.787%,5.787%,5.730%,5.730%
09/02/2025,5.730%,5.730%,5.727%,5.727%
09/03/2025,5.727%,5.727%,5.724%,5.724%
09/04/2025,5.724%,5.773%,5.724%,5.773%
09/05/2025,5.773%,5.801%,5.773%,5.801%
09/07/2025,5.801%,5.801%,5.801%,5.801%
09/09/2025,5.801%,5.808%,5.801%,5.808%
09/10/2025,5.808%,5.808%,5.721%,5.721%
09/11/2025,5.721%,5.728%,5.694%,5.728%
09/12/2025,5.728%,5.728%,5.725%,5.725%
09/15/2025,5.725%,5.787%,5.725%,5.787%
09/16/2025,5.787%,5.787%,5.784%,5.784%
09/17/2025,5.784%,5.784%,5.695%,5.695%
09/18/2025,5.706%,5.706%,5.702%,5.702%
09/19/2025,5.696%,5.699%,5.696%,5.699%
09/22/2025,5.699%,5.708%,5.687%,5.687%
09/23/2025,5.676%,5.759%,5.676%,5.759%
09/24/2025,5.759%,5.810%,5.759%,5.810%
09/25/2025,5.810%,5.861%,5.810%,5.861%
09/26/2025,5.861%,5.861%,5.803%,5.803%
09/29/2025,5.803%,5.803%,5.792%,5.792%
09/30/2025,5.739%,5.844%,5.739%,5.844%
10/01/2025,5.749%,5.952%,5.749%,5.952%
10/03/2025,5.658%,5.777%,5.658%,5.777%
10/06/2025,5.777%,5.777%,5.710%,5.710%
10/07/2025,5.710%,5.710%,5.655%,5.655%
10/08/2025,5.655%,5.668%,5.655%,5.668%
10/09/2025,5.668%,5.812%,5.668%,5.704%
10/10/2025,5.704%,5.704%,5.680%,5.680%
10/13/2025,5.680%,5.705%,5.680%,5.705%
10/14/2025,5.705%,5.705%,5.646%,5.646%
10/15/2025,5.646%,5.651%,5.636%,5.636%
10/16/2025,5.636%,5.646%,5.636%,5.638%
10/17/2025,5.638%,5.638%,5.634%,5.634%
10/20/2025,5.634%,5.634%,5.594%,5.594%
10/21/2025,5.594%,5.594%,5.594%,5.594%
10/23/2025,5.594%,5.700%,5.594%,5.700%
10/24/2025,5.700%,5.815%,5.699%,5.699%
10/27/2025,5.699%,5.743%,5.699%,5.707%
10/28/2025,5.707%,5.707%,5.655%,5.655%
10/29/2025,5.655%,5.856%,5.655%,5.856%
10/30/2025,5.856%,5.856%,5.702%,5.702%
10/31/2025,5.702%,5.731%,5.702%,5.731%
11/03/2025,5.731%,5.780%,5.731%,5.780%
11/04/2025,5.780%,5.780%,5.704%,5.704%
